Four.Meme (Official Group Chat),1745275219953
Skeleton Ecosystem Lounge,1745275229958
Shitcoin on BSC | BSC Gems 100x 🚀,1745275239963
SOLANA JOBS,1745275249966
MineCraft Game,1745275259980
BSC Shitcoin x1000,1745275269991
Binance Smart Chain List,1745275280017
Four.meme Free Shilling Group,1745275290030
Skeleton Ecosystem Lounge,1745275822264
SOLANA JOBS,1745275832276
SOLANA JOBS,1745275899631
Skeleton Ecosystem Lounge,1745275909646
Four.Meme (Official Group Chat),1745275919660
Skeleton Ecosystem Lounge,1745276109319
SOLANA JOBS,1745276119327
Four.Meme (Official Group Chat),1745346320380
MineCraft Game,1745346330399
Four.Meme (Official Group Chat),1745347091901
Four.Meme (Official Group Chat),1745347726326
Shitcoin on BSC | BSC Gems 100x 🚀,1745347736341
Binance Smart Chain List,1745347746356
BSC Shitcoin x1000,1745347756369
Four.meme Free Shilling Group,1745347766410
Paxful Trading,1745348203829
🅲🆁🆈🅿️🆃🅾️ 🅰️🆅🅸🆃🅾️,1745348213835
Koreans Chatting Group [K.C.G] 🇰🇷 | 한국인 🇰🇷,1745348223851
OTC_WEB_INVEST,1745348233868
Binance English,1745348243884
ByBiT Support Chat,1745348253889
欧易OKX官方中文群,1745348263900
CoinEx Official Persian,1745348273917
ZM 追梦中文官方群,1745348283923
HARMAN HAREMİ,1745348293936
KuCoin Exchange,1745348303939
Play to Earn GCASH, PAYPAL, CRYPTOPhilippines,1745348313947
Paxful Nigerian Community,1745348323954
OTC_WEB_INVEST,1745349753322
🅲🆁🆈🅿️🆃🅾️ 🅰️🆅🅸🆃🅾️,1745349763332
Paxful Trading,1745349773346
欧易OKX官方中文群,1745349783369
Binance English,1745349793434
Koreans Chatting Group [K.C.G] 🇰🇷 | 한국인 🇰🇷,1745349803453
ZM 追梦中文官方群,1745349813477
CoinEx Official Persian,1745349823604
KuCoin Exchange,1745349833893
🅲🆁🆈🅿️🆃🅾️ 🅰️🆅🅸🆃🅾️,1745350039232
OTC_WEB_INVEST,1745350049246
Koreans Chatting Group [K.C.G] 🇰🇷 | 한국인 🇰🇷,1745350059250
Paxful Trading,1745350069282
欧易OKX官方中文群,1745350079310
CoinEx Official Persian,1745350089331
Binance English,1745350099357
ZM 追梦中文官方群,1745350109362
ByBiT Support Chat,1745350119450
KuCoin Exchange,1745350129821
Play to Earn GCASH, PAYPAL, CRYPTOPhilippines,1745350140182
BTSE Exchange,1745350150224
EVM Dev,1745350160253
HARMAN HAREMİ,1745350170257
Solana Vietnam Developers,1745350180272
Solana developer group,1745350190289
XDAO | Official chat 💠,1745350200295
Solana Dev / RU,1745350210310
Solana Developers,1745350220341
Blockchain Development Community,1745350230348
Discord Accounts Chat,1745350240353
Solana Dev Community Chat,1745350250359
ecoPayz VIP,1745350260374
AI / IT Нейросети ИИ Вакансии / Резюме,1745350270426
Four.meme Free Shilling Group,1745350280479
2022 BSC&ChainIDE developer bootcamp,1745350290507
Four.meme and BSC Developers,1745350300835
Buy and Sell Accounts,1745350310884
Coinlist Account Market,1745350320900
TON Dev Chat (VN),1745350330972
OTC_WEB_INVEST,1745444161319
🅲🆁🆈🅿️🆃🅾️ 🅰️🆅🅸🆃🅾️,1745444171326
Paxful Trading,1745444181331
CoinEx Official Persian,1745444191335
欧易OKX官方中文群,1745444201342
Binance English,1745444211348
🇨🇳 UBS 中文官方群,1745444221354
HARMAN HAREMİ,1745444231356
Koreans Chatting Group [K.C.G] 🇰🇷 | 한국인 🇰🇷,1745444241359
XDAO | Official chat 💠,1745444251365
Solana developer group,1745444261372
ByBiT Support Chat,1745444271375
Solana Developers,1745444281380
BTSE Exchange,1745444291387
Play to Earn GCASH, PAYPAL, CRYPTOPhilippines,1745444301393
Solana Dev Community Chat,1745444311400
Solana Vietnam Developers,1745444321409
Solana Dev / RU,1745444331412
Blockchain Development Community,1745444341419
Coinlist Account Market,1745444351432
ecoPayz VIP,1745444361438
EVM Dev,1745444371440
Discord Accounts Chat,1745444381444
Buy and Sell Accounts,1745444391451
Four.meme and BSC Developers,1745444401454
2022 BSC&ChainIDE developer bootcamp,1745444411460
Four.meme Free Shilling Group,1745444421462
AI / IT Нейросети ИИ Вакансии / Резюме,1745444431467
AI / IT Нейросети ИИ Вакансии / Резюме,1745535883851
Binance English,1745535893858
OTC_WEB_INVEST,1745535903867
🅲🆁🆈🅿️🆃🅾️ 🅰️🆅🅸🆃🅾️,1745535913872
Paxful Trading,1745535923881
CoinEx Official Persian,1745535933938
Four.meme Free Shilling Group,1745535944019
欧易OKX官方中文群,1745535954033
2022 BSC&ChainIDE developer bootcamp,1745535964041
Four.meme and BSC Developers,1745535974048
Koreans Chatting Group [K.C.G] 🇰🇷 | 한국인 🇰🇷,1745535984058
Buy and Sell Accounts,1745535994071
🇨🇳 UBS 中文官方群,1745536004079
Discord Accounts Chat,1745536014103
EVM Dev,1745536024105
ecoPayz VIP,1745536034111
Coinlist Account Market,1745536044114
HARMAN HAREMİ,1745536054121
Blockchain Development Community,1745536064126
Solana Dev / RU,1745536074135
Solana Vietnam Developers,1745536084145
Solana Dev Community Chat,1745536094151
Play to Earn GCASH, PAYPAL, CRYPTOPhilippines,1745536104156
BTSE Exchange,1745536114161
XDAO | Official chat 💠,1745536124171
Solana Developers,1745536134179
ByBiT Support Chat,1745536144184
Solana developer group,1745536154189
Four.Meme (Official Group Chat),1746075149340
币安流动性 质押社区🅥,1746075159348
DIAM,1746075169355
Bybit English,1746075179365
MEXC English (Official),1746075189378
Taker Protocol,1746075199387
BTSE Exchange,1746075209394
INTOverse_Official,1746075219404
Binance Smart Chain List,1746075229418
Solana developers and builders,1746075239431
Solana Developers,1746075249444
MineCraft Game,1746075259451
HARMAN HAREMİ,1746075269457
Solana Vietnam Developers,1746075279464
BSC Shitcoin x1000,1746075289469
HARMAN GRUP,1746075299477
Solana Dev / RU,1746075309484
Solana Dev Community Chat,1746075319490
Shitcoin on BSC | BSC Gems 100x 🚀,1746075329497
Four.meme Free Shilling Group,1746075339508
